K,G,S,CV,NPfix
10.0,0.35,0.0,0.0,1.526036
10.0,0.35,0.0,0.01,1.526616
10.0,0.35,0.0,0.1,1.541424
10.0,0.35,0.0,0.5,1.859244
10.0,0.35,0.0,1.0,1.89004
10.0,0.35,0.01,0.0,1.507356
10.0,0.35,0.01,0.01,1.507264
10.0,0.35,0.01,0.1,1.520488
10.0,0.35,0.01,0.5,1.856296
10.0,0.35,0.01,1.0,1.888156
10.0,0.35,0.1,0.0,1.29954
10.0,0.35,0.1,0.01,1.300972
10.0,0.35,0.1,0.1,1.324716
10.0,0.35,0.1,0.5,1.830976
10.0,0.35,0.1,1.0,1.880428
10.0,0.35,0.5,0.0,0.683388
10.0,0.35,0.5,0.01,0.68208
10.0,0.35,0.5,0.1,0.69018
10.0,0.35,0.5,0.5,1.500172
10.0,0.35,0.5,1.0,1.805776
10.0,0.35,1.0,0.0,0.565536
10.0,0.35,1.0,0.01,0.564284
10.0,0.35,1.0,0.1,0.565308
10.0,0.35,1.0,0.5,0.738012
10.0,0.35,1.0,1.0,1.522452
10.0,0.45,0.0,0.0,1.404548
10.0,0.45,0.0,0.01,1.404496
10.0,0.45,0.0,0.1,1.418568
10.0,0.45,0.0,0.5,1.737196
10.0,0.45,0.0,1.0,1.779236
10.0,0.45,0.01,0.0,1.388636
10.0,0.45,0.01,0.01,1.388568
10.0,0.45,0.01,0.1,1.403688
10.0,0.45,0.01,0.5,1.734896
10.0,0.45,0.01,1.0,1.777728
10.0,0.45,0.1,0.0,1.22166
10.0,0.45,0.1,0.01,1.2223
10.0,0.45,0.1,0.1,1.241208
10.0,0.45,0.1,0.5,1.705384
10.0,0.45,0.1,1.0,1.766472
10.0,0.45,0.5,0.0,0.768076
10.0,0.45,0.5,0.01,0.769296
10.0,0.45,0.5,0.1,0.7774
10.0,0.45,0.5,0.5,1.39166
10.0,0.45,0.5,1.0,1.682276
10.0,0.45,1.0,0.0,0.679972
10.0,0.45,1.0,0.01,0.680728
10.0,0.45,1.0,0.1,0.680912
10.0,0.45,1.0,0.5,0.809708
10.0,0.45,1.0,1.0,1.419888
10.0,0.55,0.0,0.0,1.3016
10.0,0.55,0.0,0.01,1.301624
10.0,0.55,0.0,0.1,1.311044
10.0,0.55,0.0,0.5,1.590528
10.0,0.55,0.0,1.0,1.634576
10.0,0.55,0.01,0.0,1.288368
10.0,0.55,0.01,0.01,1.288456
10.0,0.55,0.01,0.1,1.29856
10.0,0.55,0.01,0.5,1.587608
10.0,0.55,0.01,1.0,1.631236
10.0,0.55,0.1,0.0,1.161576
10.0,0.55,0.1,0.01,1.162488
10.0,0.55,0.1,0.1,1.177212
10.0,0.55,0.1,0.5,1.56258
10.0,0.55,0.1,1.0,1.6226
10.0,0.55,0.5,0.0,0.838208
10.0,0.55,0.5,0.01,0.83494
10.0,0.55,0.5,0.1,0.842456
10.0,0.55,0.5,0.5,1.297004
10.0,0.55,0.5,1.0,1.547884
10.0,0.55,1.0,0.0,0.769372
10.0,0.55,1.0,0.01,0.769512
10.0,0.55,1.0,0.1,0.770148
10.0,0.55,1.0,0.5,0.864844
10.0,0.55,1.0,1.0,1.325968
10.0,0.65,0.0,0.0,1.212888
10.0,0.65,0.0,0.01,1.212468
10.0,0.65,0.0,0.1,1.21972
10.0,0.65,0.0,0.5,1.425252
10.0,0.65,0.0,1.0,1.45996
10.0,0.65,0.01,0.0,1.203484
10.0,0.65,0.01,0.01,1.203216
10.0,0.65,0.01,0.1,1.211864
10.0,0.65,0.01,0.5,1.42164
10.0,0.65,0.01,1.0,1.459192
10.0,0.65,0.1,0.0,1.111616
10.0,0.65,0.1,0.01,1.11536
10.0,0.65,0.1,0.1,1.123216
10.0,0.65,0.1,0.5,1.405444
10.0,0.65,0.1,1.0,1.450832
10.0,0.65,0.5,0.0,0.887768
10.0,0.65,0.5,0.01,0.887204
10.0,0.65,0.5,0.1,0.890604
10.0,0.65,0.5,0.5,1.212088
10.0,0.65,0.5,1.0,1.398112
10.0,0.65,1.0,0.0,0.840716
10.0,0.65,1.0,0.01,0.839496
10.0,0.65,1.0,0.1,0.839692
10.0,0.65,1.0,0.5,0.908764
10.0,0.65,1.0,1.0,1.240504
10.0,0.85,0.0,0.0,1.062284
10.0,0.85,0.0,0.01,1.06224
10.0,0.85,0.0,0.1,1.062788
10.0,0.85,0.0,0.5,1.058036
10.0,0.85,0.0,1.0,1.043576
10.0,0.85,0.01,0.0,1.062148
10.0,0.85,0.01,0.01,1.062256
10.0,0.85,0.01,0.1,1.062572
10.0,0.85,0.01,0.5,1.060772
10.0,0.85,0.01,1.0,1.041788
10.0,0.85,0.1,0.0,1.033476
10.0,0.85,0.1,0.01,1.035124
10.0,0.85,0.1,0.1,1.03824
10.0,0.85,0.1,0.5,1.067744
10.0,0.85,0.1,1.0,1.04748
10.0,0.85,0.5,0.0,0.960728
10.0,0.85,0.5,0.01,0.958704
10.0,0.85,0.5,0.1,0.96112
10.0,0.85,0.5,0.5,1.05616
10.0,0.85,0.5,1.0,1.067696
10.0,0.85,1.0,0.0,0.94368
10.0,0.85,1.0,0.01,0.943492
10.0,0.85,1.0,0.1,0.94468
10.0,0.85,1.0,0.5,0.967224
10.0,0.85,1.0,1.0,1.055976
100.0,0.35,0.0,0.0,1.58906
100.0,0.35,0.0,0.01,1.591316
100.0,0.35,0.0,0.1,1.719284
100.0,0.35,0.0,0.5,1.998196
100.0,0.35,0.0,1.0,1.999464
100.0,0.35,0.01,0.0,1.4078
100.0,0.35,0.01,0.01,1.411344
100.0,0.35,0.01,0.1,1.619112
100.0,0.35,0.01,0.5,1.9983
100.0,0.35,0.01,1.0,1.999328
100.0,0.35,0.1,0.0,0.650288
100.0,0.35,0.1,0.01,0.65216
100.0,0.35,0.1,0.1,0.754356
100.0,0.35,0.1,0.5,1.996876
100.0,0.35,0.1,1.0,1.999188
100.0,0.35,0.5,0.0,0.547484
100.0,0.35,0.5,0.01,0.54654
100.0,0.35,0.5,0.1,0.548872
100.0,0.35,0.5,0.5,1.888772
100.0,0.35,0.5,1.0,1.997996
100.0,0.35,1.0,0.0,0.521976
100.0,0.35,1.0,0.01,0.523504
100.0,0.35,1.0,0.1,0.522608
100.0,0.35,1.0,0.5,0.7049
100.0,0.35,1.0,1.0,1.982676
100.0,0.45,0.0,0.0,1.468048
100.0,0.45,0.0,0.01,1.469644
100.0,0.45,0.0,0.1,1.593348
100.0,0.45,0.0,0.5,1.985984
100.0,0.45,0.0,1.0,1.993292
100.0,0.45,0.01,0.0,1.316756
100.0,0.45,0.01,0.01,1.32004
100.0,0.45,0.01,0.1,1.506132
100.0,0.45,0.01,0.5,1.985704
100.0,0.45,0.01,1.0,1.993376
100.0,0.45,0.1,0.0,0.759376
100.0,0.45,0.1,0.01,0.757276
100.0,0.45,0.1,0.1,0.839968
100.0,0.45,0.1,0.5,1.98018
100.0,0.45,0.1,1.0,1.992336
100.0,0.45,0.5,0.0,0.678368
100.0,0.45,0.5,0.01,0.67448
100.0,0.45,0.5,0.1,0.677356
100.0,0.45,0.5,0.5,1.82304
100.0,0.45,0.5,1.0,1.988576
100.0,0.45,1.0,0.0,0.657524
100.0,0.45,1.0,0.01,0.653904
100.0,0.45,1.0,0.1,0.655084
100.0,0.45,1.0,0.5,0.802388
100.0,0.45,1.0,1.0,1.963976
100.0,0.55,0.0,0.0,1.357356
100.0,0.55,0.0,0.01,1.36024
100.0,0.55,0.0,0.1,1.472392
100.0,0.55,0.0,0.5,1.940316
100.0,0.55,0.0,1.0,1.96528
100.0,0.55,0.01,0.0,1.241848
100.0,0.55,0.01,0.01,1.2448
100.0,0.55,0.01,0.1,1.40032
100.0,0.55,0.01,0.5,1.938948
100.0,0.55,0.01,1.0,1.964832
100.0,0.55,0.1,0.0,0.837476
100.0,0.55,0.1,0.01,0.836732
100.0,0.55,0.1,0.1,0.901168
100.0,0.55,0.1,0.5,1.927968
100.0,0.55,0.1,1.0,1.961772
100.0,0.55,0.5,0.0,0.771832
100.0,0.55,0.5,0.01,0.771592
100.0,0.55,0.5,0.1,0.772008
100.0,0.55,0.5,0.5,1.740708
100.0,0.55,0.5,1.0,1.954788
100.0,0.55,1.0,0.0,0.75592
100.0,0.55,1.0,0.01,0.756276
100.0,0.55,1.0,0.1,0.75718
100.0,0.55,1.0,0.5,0.873788
100.0,0.55,1.0,1.0,1.929456
100.0,0.65,0.0,0.0,1.260216
100.0,0.65,0.0,0.01,1.265292
100.0,0.65,0.0,0.1,1.357132
100.0,0.65,0.0,0.5,1.835724
100.0,0.65,0.0,1.0,1.881392
100.0,0.65,0.01,0.0,1.177676
100.0,0.65,0.01,0.01,1.177764
100.0,0.65,0.01,0.1,1.297132
100.0,0.65,0.01,0.5,1.830964
100.0,0.65,0.01,1.0,1.881348
100.0,0.65,0.1,0.0,0.890116
100.0,0.65,0.1,0.01,0.894884
100.0,0.65,0.1,0.1,0.9407
100.0,0.65,0.1,0.5,1.814988
100.0,0.65,0.1,1.0,1.877872
100.0,0.65,0.5,0.0,0.846332
100.0,0.65,0.5,0.01,0.84528
100.0,0.65,0.5,0.1,0.845536
100.0,0.65,0.5,0.5,1.62914
100.0,0.65,0.5,1.0,1.872912
100.0,0.65,1.0,0.0,0.830736
100.0,0.65,1.0,0.01,0.835516
100.0,0.65,1.0,0.1,0.835224
100.0,0.65,1.0,0.5,0.92136
100.0,0.65,1.0,1.0,1.867748
100.0,0.85,0.0,0.0,1.100884
100.0,0.85,0.0,0.01,1.101656
100.0,0.85,0.0,0.1,1.139152
100.0,0.85,0.0,0.5,1.362664
100.0,0.85,0.0,1.0,1.40904
100.0,0.85,0.01,0.0,1.0702
100.0,0.85,0.01,0.01,1.070788
100.0,0.85,0.01,0.1,1.117308
100.0,0.85,0.01,0.5,1.362132
100.0,0.85,0.01,1.0,1.409992
100.0,0.85,0.1,0.0,0.96644
100.0,0.85,0.1,0.01,0.966076
100.0,0.85,0.1,0.1,0.984656
100.0,0.85,0.1,0.5,1.35768
100.0,0.85,0.1,1.0,1.412588
100.0,0.85,0.5,0.0,0.949408
100.0,0.85,0.5,0.01,0.947728
100.0,0.85,0.5,0.1,0.945268
100.0,0.85,0.5,0.5,1.317012
100.0,0.85,0.5,1.0,1.449532
100.0,0.85,1.0,0.0,0.940416
100.0,0.85,1.0,0.01,0.941412
100.0,0.85,1.0,0.1,0.942892
100.0,0.85,1.0,0.5,0.98084
100.0,0.85,1.0,1.0,1.544696
1000.0,0.35,0.0,0.0,1.60648
1000.0,0.35,0.0,0.01,1.622928
1000.0,0.35,0.0,0.1,1.967584
1000.0,0.35,0.0,0.5,2.0
1000.0,0.35,0.0,1.0,2.0
1000.0,0.35,0.01,0.0,0.814564
1000.0,0.35,0.01,0.01,0.833208
1000.0,0.35,0.01,0.1,1.921884
1000.0,0.35,0.01,0.5,1.999992
1000.0,0.35,0.01,1.0,2.0
1000.0,0.35,0.1,0.0,0.574052
1000.0,0.35,0.1,0.01,0.568588
1000.0,0.35,0.1,0.1,0.866208
1000.0,0.35,0.1,0.5,1.999996
1000.0,0.35,0.1,1.0,2.0
1000.0,0.35,0.5,0.0,0.544672
1000.0,0.35,0.5,0.01,0.54498
1000.0,0.35,0.5,0.1,0.545656
1000.0,0.35,0.5,0.5,2.0
1000.0,0.35,0.5,1.0,2.0
1000.0,0.35,1.0,0.0,0.521488
1000.0,0.35,1.0,0.01,0.520404
1000.0,0.35,1.0,0.1,0.52058
1000.0,0.35,1.0,0.5,1.62972
1000.0,0.35,1.0,1.0,2.0
1000.0,0.45,0.0,0.0,1.48358
1000.0,0.45,0.0,0.01,1.498676
1000.0,0.45,0.0,0.1,1.910688
1000.0,0.45,0.0,0.5,1.999768
1000.0,0.45,0.0,1.0,1.999932
1000.0,0.45,0.01,0.0,0.886044
1000.0,0.45,0.01,0.01,0.902972
1000.0,0.45,0.01,0.1,1.855968
1000.0,0.45,0.01,0.5,1.999744
1000.0,0.45,0.01,1.0,1.999932
1000.0,0.45,0.1,0.0,0.694664
1000.0,0.45,0.1,0.01,0.694956
1000.0,0.45,0.1,0.1,0.930536
1000.0,0.45,0.1,0.5,1.999628
1000.0,0.45,0.1,1.0,1.999956
1000.0,0.45,0.5,0.0,0.675468
1000.0,0.45,0.5,0.01,0.67584
1000.0,0.45,0.5,0.1,0.675396
1000.0,0.45,0.5,0.5,1.999992
1000.0,0.45,0.5,1.0,1.999952
1000.0,0.45,1.0,0.0,0.654468
1000.0,0.45,1.0,0.01,0.65488
1000.0,0.45,1.0,0.1,0.65678
1000.0,0.45,1.0,0.5,1.566824
1000.0,0.45,1.0,1.0,2.0
1000.0,0.55,0.0,0.0,1.374484
1000.0,0.55,0.0,0.01,1.391852
1000.0,0.55,0.0,0.1,1.812712
1000.0,0.55,0.0,0.5,1.996664
1000.0,0.55,0.0,1.0,1.998692
1000.0,0.55,0.01,0.0,0.93652
1000.0,0.55,0.01,0.01,0.948816
1000.0,0.55,0.01,0.1,1.754956
1000.0,0.55,0.01,0.5,1.996368
1000.0,0.55,0.01,1.0,1.998788
1000.0,0.55,0.1,0.0,0.786884
1000.0,0.55,0.1,0.01,0.78996
1000.0,0.55,0.1,0.1,0.966084
1000.0,0.55,0.1,0.5,1.995228
1000.0,0.55,0.1,1.0,1.998912
1000.0,0.55,0.5,0.0,0.773404
1000.0,0.55,0.5,0.01,0.771604
1000.0,0.55,0.5,0.1,0.770696
1000.0,0.55,0.5,0.5,1.99994
1000.0,0.55,0.5,1.0,1.999112
1000.0,0.55,1.0,0.0,0.755836
1000.0,0.55,1.0,0.01,0.758588
1000.0,0.55,1.0,0.1,0.75934
1000.0,0.55,1.0,0.5,1.49632
1000.0,0.55,1.0,1.0,2.0
1000.0,0.65,0.0,0.0,1.281268
1000.0,0.65,0.0,0.01,1.29276
1000.0,0.65,0.0,0.1,1.669956
1000.0,0.65,0.0,0.5,1.973208
1000.0,0.65,0.0,1.0,1.986864
1000.0,0.65,0.01,0.0,0.964172
1000.0,0.65,0.01,0.01,0.973792
1000.0,0.65,0.01,0.1,1.619792
1000.0,0.65,0.01,0.5,1.97318
1000.0,0.65,0.01,1.0,1.987152
1000.0,0.65,0.1,0.0,0.85824
1000.0,0.65,0.1,0.01,0.860828
1000.0,0.65,0.1,0.1,0.991504
1000.0,0.65,0.1,0.5,1.967924
1000.0,0.65,0.1,1.0,1.985792
1000.0,0.65,0.5,0.0,0.843748
1000.0,0.65,0.5,0.01,0.847244
1000.0,0.65,0.5,0.1,0.845692
1000.0,0.65,0.5,0.5,1.99904
1000.0,0.65,0.5,1.0,1.99066
1000.0,0.65,1.0,0.0,0.833636
1000.0,0.65,1.0,0.01,0.83304
1000.0,0.65,1.0,0.1,0.8343
1000.0,0.65,1.0,0.5,1.415088
1000.0,0.65,1.0,1.0,1.999984
1000.0,0.85,0.0,0.0,1.110736
1000.0,0.85,0.0,0.01,1.11686
1000.0,0.85,0.0,0.1,1.298752
1000.0,0.85,0.0,0.5,1.618812
1000.0,0.85,0.0,1.0,1.687076
1000.0,0.85,0.01,0.0,0.996096
1000.0,0.85,0.01,0.01,1.001384
1000.0,0.85,0.01,0.1,1.272784
1000.0,0.85,0.01,0.5,1.615704
1000.0,0.85,0.01,1.0,1.686112
1000.0,0.85,0.1,0.0,0.953948
1000.0,0.85,0.1,0.01,0.953048
1000.0,0.85,0.1,0.1,1.00696
1000.0,0.85,0.1,0.5,1.609008
1000.0,0.85,0.1,1.0,1.688832
1000.0,0.85,0.5,0.0,0.946768
1000.0,0.85,0.5,0.01,0.947456
1000.0,0.85,0.5,0.1,0.949028
1000.0,0.85,0.5,0.5,1.914088
1000.0,0.85,0.5,1.0,1.747116
1000.0,0.85,1.0,0.0,0.942472
1000.0,0.85,1.0,0.01,0.942812
1000.0,0.85,1.0,0.1,0.9423
1000.0,0.85,1.0,0.5,1.211864
1000.0,0.85,1.0,1.0,1.987076
10.0,0.3,0.0,0.0,1.593892
10.0,0.3,0.0,0.01,1.594888
10.0,0.3,0.0,0.1,1.608624
10.0,0.3,0.0,0.5,1.90586
10.0,0.3,0.0,1.0,1.930232
10.0,0.3,0.01,0.0,1.5721
10.0,0.3,0.01,0.01,1.57334
10.0,0.3,0.01,0.1,1.589764
10.0,0.3,0.01,0.5,1.902944
10.0,0.3,0.01,1.0,1.929688
10.0,0.3,0.1,0.0,1.352576
10.0,0.3,0.1,0.01,1.350184
10.0,0.3,0.1,0.1,1.376628
10.0,0.3,0.1,0.5,1.882864
10.0,0.3,0.1,1.0,1.920944
10.0,0.3,0.5,0.0,0.625744
10.0,0.3,0.5,0.01,0.62788
10.0,0.3,0.5,0.1,0.635604
10.0,0.3,0.5,0.5,1.564576
10.0,0.3,0.5,1.0,1.857584
10.0,0.3,1.0,0.0,0.492996
10.0,0.3,1.0,0.01,0.494116
10.0,0.3,1.0,0.1,0.495372
10.0,0.3,1.0,0.5,0.694748
10.0,0.3,1.0,1.0,1.583952
10.0,0.4,0.0,0.0,1.463428
10.0,0.4,0.0,0.01,1.464264
10.0,0.4,0.0,0.1,1.476412
10.0,0.4,0.0,0.5,1.800568
10.0,0.4,0.0,1.0,1.839056
10.0,0.4,0.01,0.0,1.447484
10.0,0.4,0.01,0.01,1.447552
10.0,0.4,0.01,0.1,1.461008
10.0,0.4,0.01,0.5,1.798728
10.0,0.4,0.01,1.0,1.836884
10.0,0.4,0.1,0.0,1.257748
10.0,0.4,0.1,0.01,1.26004
10.0,0.4,0.1,0.1,1.280284
10.0,0.4,0.1,0.5,1.772336
10.0,0.4,0.1,1.0,1.828036
10.0,0.4,0.5,0.0,0.728008
10.0,0.4,0.5,0.01,0.727828
10.0,0.4,0.5,0.1,0.735452
10.0,0.4,0.5,0.5,1.44518
10.0,0.4,0.5,1.0,1.747024
10.0,0.4,1.0,0.0,0.624772
10.0,0.4,1.0,0.01,0.624576
10.0,0.4,1.0,0.1,0.628136
10.0,0.4,1.0,0.5,0.774056
10.0,0.4,1.0,1.0,1.468916
10.0,0.5,0.0,0.0,1.351316
10.0,0.5,0.0,0.01,1.350932
10.0,0.5,0.0,0.1,1.366148
10.0,0.5,0.0,0.5,1.666944
10.0,0.5,0.0,1.0,1.710852
10.0,0.5,0.01,0.0,1.338548
10.0,0.5,0.01,0.01,1.33856
10.0,0.5,0.01,0.1,1.350736
10.0,0.5,0.01,0.5,1.664676
10.0,0.5,0.01,1.0,1.710992
10.0,0.5,0.1,0.0,1.190692
10.0,0.5,0.1,0.01,1.192424
10.0,0.5,0.1,0.1,1.208752
10.0,0.5,0.1,0.5,1.636668
10.0,0.5,0.1,1.0,1.698348
10.0,0.5,0.5,0.0,0.805204
10.0,0.5,0.5,0.01,0.80516
10.0,0.5,0.5,0.1,0.810904
10.0,0.5,0.5,0.5,1.343912
10.0,0.5,0.5,1.0,1.616116
10.0,0.5,1.0,0.0,0.728196
10.0,0.5,1.0,0.01,0.72974
10.0,0.5,1.0,0.1,0.729156
10.0,0.5,1.0,0.5,0.838192
10.0,0.5,1.0,1.0,1.371428
10.0,0.6,0.0,0.0,1.254496
10.0,0.6,0.0,0.01,1.255584
10.0,0.6,0.0,0.1,1.263268
10.0,0.6,0.0,0.5,1.509736
10.0,0.6,0.0,1.0,1.549928
10.0,0.6,0.01,0.0,1.244372
10.0,0.6,0.01,0.01,1.24422
10.0,0.6,0.01,0.1,1.255736
10.0,0.6,0.01,0.5,1.50624
10.0,0.6,0.01,1.0,1.549716
10.0,0.6,0.1,0.0,1.13884
10.0,0.6,0.1,0.01,1.135988
10.0,0.6,0.1,0.1,1.151912
10.0,0.6,0.1,0.5,1.48262
10.0,0.6,0.1,1.0,1.542568
10.0,0.6,0.5,0.0,0.862816
10.0,0.6,0.5,0.01,0.86256
10.0,0.6,0.5,0.1,0.86832
10.0,0.6,0.5,0.5,1.255284
10.0,0.6,0.5,1.0,1.47124
10.0,0.6,1.0,0.0,0.805244
10.0,0.6,1.0,0.01,0.80658
10.0,0.6,1.0,0.1,0.805864
10.0,0.6,1.0,0.5,0.890844
10.0,0.6,1.0,1.0,1.28404
10.0,0.7,0.0,0.0,1.170672
10.0,0.7,0.0,0.01,1.170864
10.0,0.7,0.0,0.1,1.179324
10.0,0.7,0.0,0.5,1.335844
10.0,0.7,0.0,1.0,1.365668
10.0,0.7,0.01,0.0,1.162292
10.0,0.7,0.01,0.01,1.163344
10.0,0.7,0.01,0.1,1.169684
10.0,0.7,0.01,0.5,1.33508
10.0,0.7,0.01,1.0,1.361324
10.0,0.7,0.1,0.0,1.091216
10.0,0.7,0.1,0.01,1.092844
10.0,0.7,0.1,0.1,1.103544
10.0,0.7,0.1,0.5,1.32246
10.0,0.7,0.1,1.0,1.357784
10.0,0.7,0.5,0.0,0.90906
10.0,0.7,0.5,0.01,0.90768
10.0,0.7,0.5,0.1,0.911756
10.0,0.7,0.5,0.5,1.17362
10.0,0.7,0.5,1.0,1.318712
10.0,0.7,1.0,0.0,0.868172
10.0,0.7,1.0,0.01,0.868524
10.0,0.7,1.0,0.1,0.874136
10.0,0.7,1.0,0.5,0.928012
10.0,0.7,1.0,1.0,1.196456
10.0,0.8,0.0,0.0,1.096352
10.0,0.8,0.0,0.01,1.09808
10.0,0.8,0.0,0.1,1.099204
10.0,0.8,0.0,0.5,1.150508
10.0,0.8,0.0,1.0,1.155952
10.0,0.8,0.01,0.0,1.09216
10.0,0.8,0.01,0.01,1.094008
10.0,0.8,0.01,0.1,1.09722
10.0,0.8,0.01,0.5,1.15544
10.0,0.8,0.01,1.0,1.155484
10.0,0.8,0.1,0.0,1.050048
10.0,0.8,0.1,0.01,1.05546
10.0,0.8,0.1,0.1,1.056372
10.0,0.8,0.1,0.5,1.153852
10.0,0.8,0.1,1.0,1.155764
10.0,0.8,0.5,0.0,0.94456
10.0,0.8,0.5,0.01,0.946084
10.0,0.8,0.5,0.1,0.944284
10.0,0.8,0.5,0.5,1.096044
10.0,0.8,0.5,1.0,1.153492
10.0,0.8,1.0,0.0,0.91962
10.0,0.8,1.0,0.01,0.920172
10.0,0.8,1.0,0.1,0.92392
10.0,0.8,1.0,0.5,0.957228
10.0,0.8,1.0,1.0,1.102032
10.0,0.9,0.0,0.0,1.03076
10.0,0.9,0.0,0.01,1.026608
10.0,0.9,0.0,0.1,1.031676
10.0,0.9,0.0,0.5,0.963408
10.0,0.9,0.0,1.0,0.924268
10.0,0.9,0.01,0.0,1.027392
10.0,0.9,0.01,0.01,1.029044
10.0,0.9,0.01,0.1,1.027252
10.0,0.9,0.01,0.5,0.965712
10.0,0.9,0.01,1.0,0.92778
10.0,0.9,0.1,0.0,1.019236
10.0,0.9,0.1,0.01,1.016764
10.0,0.9,0.1,0.1,1.02256
10.0,0.9,0.1,0.5,0.980308
10.0,0.9,0.1,1.0,0.934752
10.0,0.9,0.5,0.0,0.974224
10.0,0.9,0.5,0.01,0.97424
10.0,0.9,0.5,0.1,0.974312
10.0,0.9,0.5,0.5,1.0191
10.0,0.9,0.5,1.0,0.975288
10.0,0.9,1.0,0.0,0.965024
10.0,0.9,1.0,0.01,0.964388
10.0,0.9,1.0,0.1,0.964484
10.0,0.9,1.0,0.5,0.9815
10.0,0.9,1.0,1.0,1.000936
100.0,0.3,0.0,0.0,1.658412
100.0,0.3,0.0,0.01,1.657296
100.0,0.3,0.0,0.1,1.780604
100.0,0.3,0.0,0.5,1.99948
100.0,0.3,0.0,1.0,1.999904
100.0,0.3,0.01,0.0,1.462792
100.0,0.3,0.01,0.01,1.467044
100.0,0.3,0.01,0.1,1.681844
100.0,0.3,0.01,0.5,1.999536
100.0,0.3,0.01,1.0,1.999904
100.0,0.3,0.1,0.0,0.581992
100.0,0.3,0.1,0.01,0.5828
100.0,0.3,0.1,0.1,0.702312
100.0,0.3,0.1,0.5,1.999108
100.0,0.3,0.1,1.0,1.999812
100.0,0.3,0.5,0.0,0.467628
100.0,0.3,0.5,0.01,0.470656
100.0,0.3,0.5,0.1,0.470816
100.0,0.3,0.5,0.5,1.914668
100.0,0.3,0.5,1.0,1.99946
100.0,0.3,1.0,0.0,0.441244
100.0,0.3,1.0,0.01,0.442624
100.0,0.3,1.0,0.1,0.443736
100.0,0.3,1.0,0.5,0.642348
100.0,0.3,1.0,1.0,1.988372
100.0,0.4,0.0,0.0,1.525196
100.0,0.4,0.0,0.01,1.52608
100.0,0.4,0.0,0.1,1.65592
100.0,0.4,0.0,0.5,1.994196
100.0,0.4,0.0,1.0,1.997668
100.0,0.4,0.01,0.0,1.358316
100.0,0.4,0.01,0.01,1.361792
100.0,0.4,0.01,0.1,1.561036
100.0,0.4,0.01,0.5,1.994072
100.0,0.4,0.01,1.0,1.997916
100.0,0.4,0.1,0.0,0.710892
100.0,0.4,0.1,0.01,0.711436
100.0,0.4,0.1,0.1,0.801176
100.0,0.4,0.1,0.5,1.991724
100.0,0.4,0.1,1.0,1.997256
100.0,0.4,0.5,0.0,0.617276
100.0,0.4,0.5,0.01,0.616616
100.0,0.4,0.5,0.1,0.6182
100.0,0.4,0.5,0.5,1.859908
100.0,0.4,0.5,1.0,1.994504
100.0,0.4,1.0,0.0,0.593312
100.0,0.4,1.0,0.01,0.59132
100.0,0.4,1.0,0.1,0.59324
100.0,0.4,1.0,0.5,0.760112
100.0,0.4,1.0,1.0,1.974476
100.0,0.5,0.0,0.0,1.412028
100.0,0.5,0.0,0.01,1.413544
100.0,0.5,0.0,0.1,1.530384
100.0,0.5,0.0,0.5,1.969552
100.0,0.5,0.0,1.0,1.983616
100.0,0.5,0.01,0.0,1.27748
100.0,0.5,0.01,0.01,1.280768
100.0,0.5,0.01,0.1,1.449052
100.0,0.5,0.01,0.5,1.968652
100.0,0.5,0.01,1.0,1.9838
100.0,0.5,0.1,0.0,0.801584
100.0,0.5,0.1,0.01,0.802868
100.0,0.5,0.1,0.1,0.87214
100.0,0.5,0.1,0.5,1.960424
100.0,0.5,0.1,1.0,1.981856
100.0,0.5,0.5,0.0,0.72858
100.0,0.5,0.5,0.01,0.726636
100.0,0.5,0.5,0.1,0.728008
100.0,0.5,0.5,0.5,1.784748
100.0,0.5,0.5,1.0,1.975648
100.0,0.5,1.0,0.0,0.707928
100.0,0.5,1.0,0.01,0.711692
100.0,0.5,1.0,0.1,0.710536
100.0,0.5,1.0,0.5,0.83814
100.0,0.5,1.0,1.0,1.9493
100.0,0.6,0.0,0.0,1.3106
100.0,0.6,0.0,0.01,1.31414
100.0,0.6,0.0,0.1,1.408712
100.0,0.6,0.0,0.5,1.897124
100.0,0.6,0.0,1.0,1.933712
100.0,0.6,0.01,0.0,1.208508
100.0,0.6,0.01,0.01,1.215068
100.0,0.6,0.01,0.1,1.3477
100.0,0.6,0.01,0.5,1.895524
100.0,0.6,0.01,1.0,1.93292
100.0,0.6,0.1,0.0,0.868356
100.0,0.6,0.1,0.01,0.867256
100.0,0.6,0.1,0.1,0.9234
100.0,0.6,0.1,0.5,1.87988
100.0,0.6,0.1,1.0,1.929248
100.0,0.6,0.5,0.0,0.81118
100.0,0.6,0.5,0.01,0.811824
100.0,0.6,0.5,0.1,0.811536
100.0,0.6,0.5,0.5,1.687656
100.0,0.6,0.5,1.0,1.921276
100.0,0.6,1.0,0.0,0.797972
100.0,0.6,1.0,0.01,0.797316
100.0,0.6,1.0,0.1,0.79562
100.0,0.6,1.0,0.5,0.898764
100.0,0.6,1.0,1.0,1.901708
100.0,0.7,0.0,0.0,1.22138
100.0,0.7,0.0,0.01,1.220972
100.0,0.7,0.0,0.1,1.297348
100.0,0.7,0.0,0.5,1.751996
100.0,0.7,0.0,1.0,1.807816
100.0,0.7,0.01,0.0,1.150448
100.0,0.7,0.01,0.01,1.1511
100.0,0.7,0.01,0.1,1.251508
100.0,0.7,0.01,0.5,1.749044
100.0,0.7,0.01,1.0,1.808508
100.0,0.7,0.1,0.0,0.913712
100.0,0.7,0.1,0.01,0.917252
100.0,0.7,0.1,0.1,0.954196
100.0,0.7,0.1,0.5,1.730664
100.0,0.7,0.1,1.0,1.802272
100.0,0.7,0.5,0.0,0.877204
100.0,0.7,0.5,0.01,0.875632
100.0,0.7,0.5,0.1,0.876384
100.0,0.7,0.5,0.5,1.564172
100.0,0.7,0.5,1.0,1.804356
100.0,0.7,1.0,0.0,0.865736
100.0,0.7,1.0,0.01,0.867352
100.0,0.7,1.0,0.1,0.866788
100.0,0.7,1.0,0.5,0.939652
100.0,0.7,1.0,1.0,1.817608
100.0,0.8,0.0,0.0,1.139504
100.0,0.8,0.0,0.01,1.1388
100.0,0.8,0.0,0.1,1.18914
100.0,0.8,0.0,0.5,1.514408
100.0,0.8,0.0,1.0,1.574956
100.0,0.8,0.01,0.0,1.09708
100.0,0.8,0.01,0.01,1.094716
100.0,0.8,0.01,0.1,1.160932
100.0,0.8,0.01,0.5,1.515976
100.0,0.8,0.01,1.0,1.57528
100.0,0.8,0.1,0.0,0.952868
100.0,0.8,0.1,0.01,0.950432
100.0,0.8,0.1,0.1,0.976696
100.0,0.8,0.1,0.5,1.503084
100.0,0.8,0.1,1.0,1.573924
100.0,0.8,0.5,0.0,0.925784
100.0,0.8,0.5,0.01,0.92678
100.0,0.8,0.5,0.1,0.930156
100.0,0.8,0.5,0.5,1.406756
100.0,0.8,0.5,1.0,1.596916
100.0,0.8,1.0,0.0,0.918352
100.0,0.8,1.0,0.01,0.922096
100.0,0.8,1.0,0.1,0.921352
100.0,0.8,1.0,0.5,0.971396
100.0,0.8,1.0,1.0,1.66368
100.0,0.9,0.0,0.0,1.06562
100.0,0.9,0.0,0.01,1.066312
100.0,0.9,0.0,0.1,1.091404
100.0,0.9,0.0,0.5,1.192936
100.0,0.9,0.0,1.0,1.211032
100.0,0.9,0.01,0.0,1.046644
100.0,0.9,0.01,0.01,1.046464
100.0,0.9,0.01,0.1,1.073892
100.0,0.9,0.01,0.5,1.19166
100.0,0.9,0.01,1.0,1.213172
100.0,0.9,0.1,0.0,0.977708
100.0,0.9,0.1,0.01,0.978348
100.0,0.9,0.1,0.1,0.988464
100.0,0.9,0.1,0.5,1.201192
100.0,0.9,0.1,1.0,1.218004
100.0,0.9,0.5,0.0,0.968312
100.0,0.9,0.5,0.01,0.967812
100.0,0.9,0.5,0.1,0.965992
100.0,0.9,0.5,0.5,1.215976
100.0,0.9,0.5,1.0,1.27606
100.0,0.9,1.0,0.0,0.964436
100.0,0.9,1.0,0.01,0.963416
100.0,0.9,1.0,0.1,0.964224
100.0,0.9,1.0,0.5,0.988876
100.0,0.9,1.0,1.0,1.392516
1000.0,0.3,0.0,0.0,1.672896
1000.0,0.3,0.0,0.01,1.692988
1000.0,0.3,0.0,0.1,1.983556
1000.0,0.3,0.0,0.5,2.0
1000.0,0.3,0.0,1.0,2.0
1000.0,0.3,0.01,0.0,0.765216
1000.0,0.3,0.01,0.01,0.787108
1000.0,0.3,0.01,0.1,1.945184
1000.0,0.3,0.01,0.5,2.0
1000.0,0.3,0.01,1.0,2.0
1000.0,0.3,0.1,0.0,0.493628
1000.0,0.3,0.1,0.01,0.49374
1000.0,0.3,0.1,0.1,0.827764
1000.0,0.3,0.1,0.5,2.0
1000.0,0.3,0.1,1.0,2.0
1000.0,0.3,0.5,0.0,0.466816
1000.0,0.3,0.5,0.01,0.467596
1000.0,0.3,0.5,0.1,0.465476
1000.0,0.3,0.5,0.5,2.0
1000.0,0.3,0.5,1.0,2.0
1000.0,0.3,1.0,0.0,0.43876
1000.0,0.3,1.0,0.01,0.441788
1000.0,0.3,1.0,0.1,0.440076
1000.0,0.3,1.0,0.5,1.65806
1000.0,0.3,1.0,1.0,2.0
1000.0,0.4,0.0,0.0,1.544132
1000.0,0.4,0.0,0.01,1.560656
1000.0,0.4,0.0,0.1,1.944332
1000.0,0.4,0.0,0.5,1.999972
1000.0,0.4,0.0,1.0,1.999984
1000.0,0.4,0.01,0.0,0.854064
1000.0,0.4,0.01,0.01,0.873276
1000.0,0.4,0.01,0.1,1.893364
1000.0,0.4,0.01,0.5,1.999968
1000.0,0.4,0.01,1.0,1.999984
1000.0,0.4,0.1,0.0,0.633768
1000.0,0.4,0.1,0.01,0.635432
1000.0,0.4,0.1,0.1,0.901208
1000.0,0.4,0.1,0.5,1.999956
1000.0,0.4,0.1,1.0,1.99998
1000.0,0.4,0.5,0.0,0.61508
1000.0,0.4,0.5,0.01,0.612396
1000.0,0.4,0.5,0.1,0.615728
1000.0,0.4,0.5,0.5,2.0
1000.0,0.4,0.5,1.0,2.0
1000.0,0.4,1.0,0.0,0.590172
1000.0,0.4,1.0,0.01,0.591312
1000.0,0.4,1.0,0.1,0.593156
1000.0,0.4,1.0,0.5,1.60068
1000.0,0.4,1.0,1.0,2.0
1000.0,0.5,0.0,0.0,1.427592
1000.0,0.5,0.0,0.01,1.445252
1000.0,0.5,0.0,0.1,1.867004
1000.0,0.5,0.0,0.5,1.99908
1000.0,0.5,0.0,1.0,1.99978
1000.0,0.5,0.01,0.0,0.913908
1000.0,0.5,0.01,0.01,0.9283
1000.0,0.5,0.01,0.1,1.809212
1000.0,0.5,0.01,0.5,1.99906
1000.0,0.5,0.01,1.0,1.99974
1000.0,0.5,0.1,0.0,0.747496
1000.0,0.5,0.1,0.01,0.745216
1000.0,0.5,0.1,0.1,0.951412
1000.0,0.5,0.1,0.5,1.998488
1000.0,0.5,0.1,1.0,1.999728
1000.0,0.5,0.5,0.0,0.726324
1000.0,0.5,0.5,0.01,0.72634
1000.0,0.5,0.5,0.1,0.726396
1000.0,0.5,0.5,0.5,1.999984
1000.0,0.5,0.5,1.0,1.999828
1000.0,0.5,1.0,0.0,0.710472
1000.0,0.5,1.0,0.01,0.705228
1000.0,0.5,1.0,0.1,0.711308
1000.0,0.5,1.0,0.5,1.534792
1000.0,0.5,1.0,1.0,1.999996
1000.0,0.6,0.0,0.0,1.327532
1000.0,0.6,0.0,0.01,1.337848
1000.0,0.6,0.0,0.1,1.745396
1000.0,0.6,0.0,0.5,1.98974
1000.0,0.6,0.0,1.0,1.995536
1000.0,0.6,0.01,0.0,0.954104
1000.0,0.6,0.01,0.01,0.961564
1000.0,0.6,0.01,0.1,1.693344
1000.0,0.6,0.01,0.5,1.98968
1000.0,0.6,0.01,1.0,1.995596
1000.0,0.6,0.1,0.0,0.826612
1000.0,0.6,0.1,0.01,0.826128
1000.0,0.6,0.1,0.1,0.97836
1000.0,0.6,0.1,0.5,1.986984
1000.0,0.6,0.1,1.0,1.995416
1000.0,0.6,0.5,0.0,0.810588
1000.0,0.6,0.5,0.01,0.812852
1000.0,0.6,0.5,0.1,0.81332
1000.0,0.6,0.5,0.5,1.999676
1000.0,0.6,0.5,1.0,1.996816
1000.0,0.6,1.0,0.0,0.796308
1000.0,0.6,1.0,0.01,0.795872
1000.0,0.6,1.0,0.1,0.797868
1000.0,0.6,1.0,0.5,1.458624
1000.0,0.6,1.0,1.0,1.999996
1000.0,0.7,0.0,0.0,1.233844
1000.0,0.7,0.0,0.01,1.242536
1000.0,0.7,0.0,0.1,1.585816
1000.0,0.7,0.0,0.5,1.93908
1000.0,0.7,0.0,1.0,1.965808
1000.0,0.7,0.01,0.0,0.977156
1000.0,0.7,0.01,0.01,0.985728
1000.0,0.7,0.01,0.1,1.54198
1000.0,0.7,0.01,0.5,1.938596
1000.0,0.7,0.01,1.0,1.965672
1000.0,0.7,0.1,0.0,0.888584
1000.0,0.7,0.1,0.01,0.88948
1000.0,0.7,0.1,0.1,0.996708
1000.0,0.7,0.1,0.5,1.93098
1000.0,0.7,0.1,1.0,1.964084
1000.0,0.7,0.5,0.0,0.876016
1000.0,0.7,0.5,0.01,0.875536
1000.0,0.7,0.5,0.1,0.875052
1000.0,0.7,0.5,0.5,1.996988
1000.0,0.7,0.5,1.0,1.974428
1000.0,0.7,1.0,0.0,0.866352
1000.0,0.7,1.0,0.01,0.868316
1000.0,0.7,1.0,0.1,0.866576
1000.0,0.7,1.0,0.5,1.370448
1000.0,0.7,1.0,1.0,1.999868
1000.0,0.8,0.0,0.0,1.14932
1000.0,0.8,0.0,0.01,1.15598
1000.0,0.8,0.0,0.1,1.396564
1000.0,0.8,0.0,0.5,1.773536
1000.0,0.8,0.0,1.0,1.833944
1000.0,0.8,0.01,0.0,0.98998
1000.0,0.8,0.01,0.01,0.997708
1000.0,0.8,0.01,0.1,1.366224
1000.0,0.8,0.01,0.5,1.771932
1000.0,0.8,0.01,1.0,1.834464
1000.0,0.8,0.1,0.0,0.935268
1000.0,0.8,0.1,0.01,0.935552
1000.0,0.8,0.1,0.1,1.00376
1000.0,0.8,0.1,0.5,1.760068
1000.0,0.8,0.1,1.0,1.833884
1000.0,0.8,0.5,0.0,0.926016
1000.0,0.8,0.5,0.01,0.927216
1000.0,0.8,0.5,0.1,0.929136
1000.0,0.8,0.5,0.5,1.969732
1000.0,0.8,0.5,1.0,1.870844
1000.0,0.8,1.0,0.0,0.919464
1000.0,0.8,1.0,0.01,0.919408
1000.0,0.8,1.0,0.1,0.918924
1000.0,0.8,1.0,0.5,1.27058
1000.0,0.8,1.0,1.0,1.997232
1000.0,0.9,0.0,0.0,1.073628
1000.0,0.9,0.0,0.01,1.075924
1000.0,0.9,0.0,0.1,1.194244
1000.0,0.9,0.0,0.5,1.401984
1000.0,0.9,0.0,1.0,1.458768
1000.0,0.9,0.01,0.0,0.998472
1000.0,0.9,0.01,0.01,0.999992
1000.0,0.9,0.01,0.1,1.182964
1000.0,0.9,0.01,0.5,1.400204
1000.0,0.9,0.01,1.0,1.459788
1000.0,0.9,0.1,0.0,0.971524
1000.0,0.9,0.1,0.01,0.970036
1000.0,0.9,0.1,0.1,1.005256
1000.0,0.9,0.1,0.5,1.402436
1000.0,0.9,0.1,1.0,1.46432
1000.0,0.9,0.5,0.0,0.968584
1000.0,0.9,0.5,0.01,0.966792
1000.0,0.9,0.5,0.1,0.967288
1000.0,0.9,0.5,0.5,1.77404
1000.0,0.9,0.5,1.0,1.545124
1000.0,0.9,1.0,0.0,0.963808
1000.0,0.9,1.0,0.01,0.963796
1000.0,0.9,1.0,0.1,0.962528
1000.0,0.9,1.0,0.5,1.149724
1000.0,0.9,1.0,1.0,1.942104
10.0,0.25,0.0,0.0,1.666728
10.0,0.25,0.0,0.01,1.667888
10.0,0.25,0.0,0.1,1.681748
10.0,0.25,0.0,0.5,1.94402
10.0,0.25,0.0,1.0,1.960248
10.0,0.25,0.01,0.0,1.648372
10.0,0.25,0.01,0.01,1.647112
10.0,0.25,0.01,0.1,1.665188
10.0,0.25,0.01,0.5,1.942448
10.0,0.25,0.01,1.0,1.96002
10.0,0.25,0.1,0.0,1.415776
10.0,0.25,0.1,0.01,1.41148
10.0,0.25,0.1,0.1,1.443064
10.0,0.25,0.1,0.5,1.92686
10.0,0.25,0.1,1.0,1.954304
10.0,0.25,0.5,0.0,0.562524
10.0,0.25,0.5,0.01,0.564836
10.0,0.25,0.5,0.1,0.574364
10.0,0.25,0.5,0.5,1.63522
10.0,0.25,0.5,1.0,1.90408
10.0,0.25,1.0,0.0,0.414744
10.0,0.25,1.0,0.01,0.414828
10.0,0.25,1.0,0.1,0.414044
10.0,0.25,1.0,0.5,0.643272
10.0,0.25,1.0,1.0,1.648584
10.0,0.5,0.0,0.0,1.352824
10.0,0.5,0.0,0.01,1.35174
10.0,0.5,0.0,0.1,1.366192
10.0,0.5,0.0,0.5,1.665416
10.0,0.5,0.0,1.0,1.710076
10.0,0.5,0.01,0.0,1.336688
10.0,0.5,0.01,0.01,1.336524
10.0,0.5,0.01,0.1,1.35084
10.0,0.5,0.01,0.5,1.664824
10.0,0.5,0.01,1.0,1.709404
10.0,0.5,0.1,0.0,1.192216
10.0,0.5,0.1,0.01,1.193424
10.0,0.5,0.1,0.1,1.207188
10.0,0.5,0.1,0.5,1.634772
10.0,0.5,0.1,1.0,1.698316
10.0,0.5,0.5,0.0,0.803808
10.0,0.5,0.5,0.01,0.80366
10.0,0.5,0.5,0.1,0.807624
10.0,0.5,0.5,0.5,1.34408
10.0,0.5,0.5,1.0,1.615336
10.0,0.5,1.0,0.0,0.72688
10.0,0.5,1.0,0.01,0.729168
10.0,0.5,1.0,0.1,0.728032
10.0,0.5,1.0,0.5,0.8408
10.0,0.5,1.0,1.0,1.37218
10.0,0.75,0.0,0.0,1.132884
10.0,0.75,0.0,0.01,1.13302
10.0,0.75,0.0,0.1,1.138148
10.0,0.75,0.0,0.5,1.245584
10.0,0.75,0.0,1.0,1.262808
10.0,0.75,0.01,0.0,1.126224
10.0,0.75,0.01,0.01,1.126384
10.0,0.75,0.01,0.1,1.1347
10.0,0.75,0.01,0.5,1.245628
10.0,0.75,0.01,1.0,1.260536
10.0,0.75,0.1,0.0,1.07114
10.0,0.75,0.1,0.01,1.073492
10.0,0.75,0.1,0.1,1.079928
10.0,0.75,0.1,0.5,1.240076
10.0,0.75,0.1,1.0,1.260012
10.0,0.75,0.5,0.0,0.928228
10.0,0.75,0.5,0.01,0.927036
10.0,0.75,0.5,0.1,0.9307
10.0,0.75,0.5,0.5,1.13118
10.0,0.75,0.5,1.0,1.238956
10.0,0.75,1.0,0.0,0.893952
10.0,0.75,1.0,0.01,0.89724
10.0,0.75,1.0,0.1,0.89664
10.0,0.75,1.0,0.5,0.944352
10.0,0.75,1.0,1.0,1.151012
10.0,0.95,0.0,0.0,1.002612
10.0,0.95,0.0,0.01,0.99706
10.0,0.95,0.0,0.1,0.998908
10.0,0.95,0.0,0.5,0.865548
10.0,0.95,0.0,1.0,0.80242
10.0,0.95,0.01,0.0,1.000888
10.0,0.95,0.01,0.01,1.001776
10.0,0.95,0.01,0.1,0.998696
10.0,0.95,0.01,0.5,0.868676
10.0,0.95,0.01,1.0,0.804888
10.0,0.95,0.1,0.0,1.000684
10.0,0.95,0.1,0.01,1.006692
10.0,0.95,0.1,0.1,1.003756
10.0,0.95,0.1,0.5,0.895324
10.0,0.95,0.1,1.0,0.82048
10.0,0.95,0.5,0.0,0.988452
10.0,0.95,0.5,0.01,0.988824
10.0,0.95,0.5,0.1,0.988468
10.0,0.95,0.5,0.5,0.98094
10.0,0.95,0.5,1.0,0.883192
10.0,0.95,1.0,0.0,0.984444
10.0,0.95,1.0,0.01,0.984284
10.0,0.95,1.0,0.1,0.984048
10.0,0.95,1.0,0.5,0.990508
10.0,0.95,1.0,1.0,0.947276
100.0,0.25,0.0,0.0,1.727792
100.0,0.25,0.0,0.01,1.730036
100.0,0.25,0.0,0.1,1.842228
100.0,0.25,0.0,0.5,1.999952
100.0,0.25,0.0,1.0,1.999996
100.0,0.25,0.01,0.0,1.530368
100.0,0.25,0.01,0.01,1.532448
100.0,0.25,0.01,0.1,1.746912
100.0,0.25,0.01,0.5,1.999948
100.0,0.25,0.01,1.0,2.0
100.0,0.25,0.1,0.0,0.499252
100.0,0.25,0.1,0.01,0.504332
100.0,0.25,0.1,0.1,0.628792
100.0,0.25,0.1,0.5,1.999828
100.0,0.25,0.1,1.0,1.999972
100.0,0.25,0.5,0.0,0.379148
100.0,0.25,0.5,0.01,0.379356
100.0,0.25,0.5,0.1,0.381564
100.0,0.25,0.5,0.5,1.938116
100.0,0.25,0.5,1.0,1.99988
100.0,0.25,1.0,0.0,0.352412
100.0,0.25,1.0,0.01,0.352344
100.0,0.25,1.0,0.1,0.352676
100.0,0.25,1.0,0.5,0.568976
100.0,0.25,1.0,1.0,1.992816
100.0,0.5,0.0,0.0,1.413068
100.0,0.5,0.0,0.01,1.413032
100.0,0.5,0.0,0.1,1.531524
100.0,0.5,0.0,0.5,1.96952
100.0,0.5,0.0,1.0,1.984324
100.0,0.5,0.01,0.0,1.277004
100.0,0.5,0.01,0.01,1.280708
100.0,0.5,0.01,0.1,1.44656
100.0,0.5,0.01,0.5,1.968784
100.0,0.5,0.01,1.0,1.983692
100.0,0.5,0.1,0.0,0.802504
100.0,0.5,0.1,0.01,0.80282
100.0,0.5,0.1,0.1,0.870552
100.0,0.5,0.1,0.5,1.960496
100.0,0.5,0.1,1.0,1.981828
100.0,0.5,0.5,0.0,0.728388
100.0,0.5,0.5,0.01,0.727208
100.0,0.5,0.5,0.1,0.727256
100.0,0.5,0.5,0.5,1.783852
100.0,0.5,0.5,1.0,1.975372
100.0,0.5,1.0,0.0,0.708924
100.0,0.5,1.0,0.01,0.710192
100.0,0.5,1.0,0.1,0.709376
100.0,0.5,1.0,0.5,0.842892
100.0,0.5,1.0,1.0,1.948564
100.0,0.75,0.0,0.0,1.178672
100.0,0.75,0.0,0.01,1.181728
100.0,0.75,0.0,0.1,1.245256
100.0,0.75,0.0,0.5,1.647088
100.0,0.75,0.0,1.0,1.708456
100.0,0.75,0.01,0.0,1.121616
100.0,0.75,0.01,0.01,1.12194
100.0,0.75,0.01,0.1,1.203584
100.0,0.75,0.01,0.5,1.641384
100.0,0.75,0.01,1.0,1.70456
100.0,0.75,0.1,0.0,0.9358
100.0,0.75,0.1,0.01,0.933088
100.0,0.75,0.1,0.1,0.96666
100.0,0.75,0.1,0.5,1.626724
100.0,0.75,0.1,1.0,1.702472
100.0,0.75,0.5,0.0,0.904468
100.0,0.75,0.5,0.01,0.901192
100.0,0.75,0.5,0.1,0.902656
100.0,0.75,0.5,0.5,1.4901
100.0,0.75,0.5,1.0,1.7145
100.0,0.75,1.0,0.0,0.892944
100.0,0.75,1.0,0.01,0.893796
100.0,0.75,1.0,0.1,0.896768
100.0,0.75,1.0,0.5,0.958348
100.0,0.75,1.0,1.0,1.752456
100.0,0.95,0.0,0.0,1.029108
100.0,0.95,0.0,0.01,1.03118
100.0,0.95,0.0,0.1,1.039316
100.0,0.95,0.0,0.5,1.002596
100.0,0.95,0.0,1.0,0.97764
100.0,0.95,0.01,0.0,1.02162
100.0,0.95,0.01,0.01,1.02168
100.0,0.95,0.01,0.1,1.033316
100.0,0.95,0.01,0.5,1.003068
100.0,0.95,0.01,1.0,0.979392
100.0,0.95,0.1,0.0,0.991464
100.0,0.95,0.1,0.01,0.98834
100.0,0.95,0.1,0.1,0.996336
100.0,0.95,0.1,0.5,1.023384
100.0,0.95,0.1,1.0,0.992848
100.0,0.95,0.5,0.0,0.983964
100.0,0.95,0.5,0.01,0.984532
100.0,0.95,0.5,0.1,0.985332
100.0,0.95,0.5,0.5,1.10404
100.0,0.95,0.5,1.0,1.06402
100.0,0.95,1.0,0.0,0.98214
100.0,0.95,1.0,0.01,0.980856
100.0,0.95,1.0,0.1,0.982248
100.0,0.95,1.0,0.5,0.994752
100.0,0.95,1.0,1.0,1.189472
1000.0,0.25,0.0,0.0,1.743292
1000.0,0.25,0.0,0.01,1.759644
1000.0,0.25,0.0,0.1,1.992684
1000.0,0.25,0.0,0.5,2.0
1000.0,0.25,0.0,1.0,2.0
1000.0,0.25,0.01,0.0,0.701672
1000.0,0.25,0.01,0.01,0.726412
1000.0,0.25,0.01,0.1,1.96406
1000.0,0.25,0.01,0.5,2.0
1000.0,0.25,0.01,1.0,2.0
1000.0,0.25,0.1,0.0,0.407548
1000.0,0.25,0.1,0.01,0.406864
1000.0,0.25,0.1,0.1,0.77752
1000.0,0.25,0.1,0.5,2.0
1000.0,0.25,0.1,1.0,2.0
1000.0,0.25,0.5,0.0,0.379608
1000.0,0.25,0.5,0.01,0.375408
1000.0,0.25,0.5,0.1,0.376304
1000.0,0.25,0.5,0.5,2.0
1000.0,0.25,0.5,1.0,2.0
1000.0,0.25,1.0,0.0,0.349784
1000.0,0.25,1.0,0.01,0.349652
1000.0,0.25,1.0,0.1,0.348908
1000.0,0.25,1.0,0.5,1.68508
1000.0,0.25,1.0,1.0,2.0
1000.0,0.5,0.0,0.0,1.426484
1000.0,0.5,0.0,0.01,1.444928
1000.0,0.5,0.0,0.1,1.86592
1000.0,0.5,0.0,0.5,1.999068
1000.0,0.5,0.0,1.0,1.999732
1000.0,0.5,0.01,0.0,0.91222
1000.0,0.5,0.01,0.01,0.927724
1000.0,0.5,0.01,0.1,1.80962
1000.0,0.5,0.01,0.5,1.999004
1000.0,0.5,0.01,1.0,1.999744
1000.0,0.5,0.1,0.0,0.744792
1000.0,0.5,0.1,0.01,0.743036
1000.0,0.5,0.1,0.1,0.947896
1000.0,0.5,0.1,0.5,1.998628
1000.0,0.5,0.1,1.0,1.999688
1000.0,0.5,0.5,0.0,0.727668
1000.0,0.5,0.5,0.01,0.72636
1000.0,0.5,0.5,0.1,0.727704
1000.0,0.5,0.5,0.5,1.999976
1000.0,0.5,0.5,1.0,1.99978
1000.0,0.5,1.0,0.0,0.707864
1000.0,0.5,1.0,0.01,0.70782
1000.0,0.5,1.0,0.1,0.707068
1000.0,0.5,1.0,0.5,1.532192
1000.0,0.5,1.0,1.0,2.0
1000.0,0.75,0.0,0.0,1.192876
1000.0,0.75,0.0,0.01,1.19902
1000.0,0.75,0.0,0.1,1.493144
1000.0,0.75,0.0,0.5,1.876904
1000.0,0.75,0.0,1.0,1.920612
1000.0,0.75,0.01,0.0,0.982668
1000.0,0.75,0.01,0.01,0.989172
1000.0,0.75,0.01,0.1,1.45542
1000.0,0.75,0.01,0.5,1.874888
1000.0,0.75,0.01,1.0,1.921308
1000.0,0.75,0.1,0.0,0.913628
1000.0,0.75,0.1,0.01,0.911956
1000.0,0.75,0.1,0.1,1.000464
1000.0,0.75,0.1,0.5,1.865408
1000.0,0.75,0.1,1.0,1.918152
1000.0,0.75,0.5,0.0,0.9059
1000.0,0.75,0.5,0.01,0.903472
1000.0,0.75,0.5,0.1,0.903364
1000.0,0.75,0.5,0.5,1.989752
1000.0,0.75,0.5,1.0,1.938888
1000.0,0.75,1.0,0.0,0.895452
1000.0,0.75,1.0,0.01,0.892096
1000.0,0.75,1.0,0.1,0.895092
1000.0,0.75,1.0,0.5,1.320884
1000.0,0.75,1.0,1.0,1.999476
1000.0,0.95,0.0,0.0,1.03334
1000.0,0.95,0.0,0.01,1.036372
1000.0,0.95,0.0,0.1,1.09554
1000.0,0.95,0.0,0.5,1.128508
1000.0,0.95,0.0,1.0,1.13604
1000.0,0.95,0.01,0.0,0.998824
1000.0,0.95,0.01,0.01,1.00072
1000.0,0.95,0.01,0.1,1.090468
1000.0,0.95,0.01,0.5,1.129804
1000.0,0.95,0.01,1.0,1.142272
1000.0,0.95,0.1,0.0,0.9857
1000.0,0.95,0.1,0.01,0.987016
1000.0,0.95,0.1,0.1,1.0036
1000.0,0.95,0.1,0.5,1.143332
1000.0,0.95,0.1,1.0,1.152272
1000.0,0.95,0.5,0.0,0.982364
1000.0,0.95,0.5,0.01,0.984124
1000.0,0.95,0.5,0.1,0.982052
1000.0,0.95,0.5,0.5,1.485564
1000.0,0.95,0.5,1.0,1.242192
1000.0,0.95,1.0,0.0,0.982972
1000.0,0.95,1.0,0.01,0.981572
1000.0,0.95,1.0,0.1,0.982708
1000.0,0.95,1.0,0.5,1.083688
1000.0,0.95,1.0,1.0,1.740804
10.0,1.0,0.0,0.0,0.970972
10.0,1.0,0.0,0.01,0.971504
10.0,1.0,0.0,0.1,0.964876
10.0,1.0,0.0,0.5,0.766868
10.0,1.0,0.0,1.0,0.676896
10.0,1.0,0.01,0.0,0.973112
10.0,1.0,0.01,0.01,0.970212
10.0,1.0,0.01,0.1,0.968548
10.0,1.0,0.01,0.5,0.768864
10.0,1.0,0.01,1.0,0.677564
10.0,1.0,0.1,0.0,0.986688
10.0,1.0,0.1,0.01,0.985124
10.0,1.0,0.1,0.1,0.982088
10.0,1.0,0.1,0.5,0.802388
10.0,1.0,0.1,1.0,0.696796
10.0,1.0,0.5,0.0,0.996196
10.0,1.0,0.5,0.01,1.00224
10.0,1.0,0.5,0.1,0.999396
10.0,1.0,0.5,0.5,0.942652
10.0,1.0,0.5,1.0,0.786348
10.0,1.0,1.0,0.0,1.001936
10.0,1.0,1.0,0.01,1.000524
10.0,1.0,1.0,0.1,0.99924
10.0,1.0,1.0,0.5,0.99712
10.0,1.0,1.0,1.0,0.889612
100.0,1.0,0.0,0.0,0.999168
100.0,1.0,0.0,0.01,0.997028
100.0,1.0,0.0,0.1,0.991836
100.0,1.0,0.0,0.5,0.781424
100.0,1.0,0.0,1.0,0.692232
100.0,1.0,0.01,0.0,0.997804
100.0,1.0,0.01,0.01,0.99552
100.0,1.0,0.01,0.1,0.994496
100.0,1.0,0.01,0.5,0.786704
100.0,1.0,0.01,1.0,0.694364
100.0,1.0,0.1,0.0,0.999472
100.0,1.0,0.1,0.01,0.999488
100.0,1.0,0.1,0.1,0.999456
100.0,1.0,0.1,0.5,0.820844
100.0,1.0,0.1,1.0,0.712024
100.0,1.0,0.5,0.0,0.998872
100.0,1.0,0.5,0.01,0.998728
100.0,1.0,0.5,0.1,1.000068
100.0,1.0,0.5,0.5,0.9611
100.0,1.0,0.5,1.0,0.789952
100.0,1.0,1.0,0.0,0.998552
100.0,1.0,1.0,0.01,1.001952
100.0,1.0,1.0,0.1,1.0009
100.0,1.0,1.0,0.5,0.99842
100.0,1.0,1.0,1.0,0.887392
1000.0,1.0,0.0,0.0,0.999088
1000.0,1.0,0.0,0.01,1.000044
1000.0,1.0,0.0,0.1,0.995788
1000.0,1.0,0.0,0.5,0.784624
1000.0,1.0,0.0,1.0,0.69518
1000.0,1.0,0.01,0.0,0.99934
1000.0,1.0,0.01,0.01,0.998996
1000.0,1.0,0.01,0.1,0.999
1000.0,1.0,0.01,0.5,0.787784
1000.0,1.0,0.01,1.0,0.69764
1000.0,1.0,0.1,0.0,0.999112
1000.0,1.0,0.1,0.01,0.999732
1000.0,1.0,0.1,0.1,1.000356
1000.0,1.0,0.1,0.5,0.822108
1000.0,1.0,0.1,1.0,0.71326
1000.0,1.0,0.5,0.0,0.99994
1000.0,1.0,0.5,0.01,1.000668
1000.0,1.0,0.5,0.1,0.998568
1000.0,1.0,0.5,0.5,0.965272
1000.0,1.0,0.5,1.0,0.786684
1000.0,1.0,1.0,0.0,1.0001
1000.0,1.0,1.0,0.01,1.000532
1000.0,1.0,1.0,0.1,0.999972
1000.0,1.0,1.0,0.5,0.999996
1000.0,1.0,1.0,1.0,0.883096
